<?xml version="1.0" encoding="ISO-8859-1" ?>
<!--
 * ====================================================================
 *
 * OW2 FraSCAti Examples: FScript Reconfiguration
 * Copyright (C) 2009-2010 INRIA, University of Lille 1
 *
 * This library is free software; you can redistribute it and/or
 * modify it under the terms of the GNU Lesser General Public
 * License as published by the Free Software Foundation; either
 * version 2 of the License, or (at your option) any later version.
 *
 * This library is distributed in the hope that it will be useful,
 * but WITHOUT ANY WARRANTY; without even the implied warranty of
 * MERCHANTABILITY or FITNESS FOR A PARTICULAR PURPOSE.  See the GNU
 * Lesser General Public License for more details.
 *
 * You should have received a copy of the GNU Lesser General Public
 * License along with this library; if not, write to the Free Software
 * Foundation, Inc., 59 Temple Place, Suite 330, Boston, MA  02111-1307
 * USA
 *
 * Contact: frascati@ow2.org
 *
 * Author: Christophe Demarey
 *
 * Contributor(s):
 * ====================================================================
-->

<explorer>

  <!-- ================================================================= -->
  <!-- FraSCAti Explorer plugins for this example.                       -->
  <!-- ================================================================= -->

  <node type-name="org.ow2.frascati.examples.reconfig.converter.CurrencyConverter">
    <panel>
      <code>org.ow2.frascati.examples.reconfig.converter.explorer.ConverterPanel</code>
    </panel>
  </node> 

  <node type-name="org.ow2.frascati.examples.reconfig.converter.fscript.ExchangeRateUpdater">
    <panel>
      <code>org.ow2.frascati.examples.reconfig.converter.explorer.UpdaterPanel</code>
    </panel>
  </node> 

</explorer>
